state_id,state_name,total_days,empirical_prob,theoretical_prob,delta
1,Ясно,340.9462,0.340946,0.264706,+0.076240
2,Облачно,290.3331,0.290333,0.323529,-0.033196
3,Пасмурно,368.7207,0.368721,0.411765,-0.043044
